Brand,Brand ID
Thrubanower Holdings Corp.,1
Undimedar WorldWide ,2
Reseller,3
APPLES,4
MINITENDO,5
Gropickilistor  Group,6
GOZOROLA,7
Supweran Holdings ,8
Tiperimor WorldWide ,9
SUNSUNG,10
Haptumonan  Inc,11
ABC,12
WHITEBERRY,13
MICRON,14
Unerommazz Direct ,15
LONY,16
POKIA,17
NG,18
Qwihupistor Holdings Group,19
SHIBA,20
HEWL,21
Surkilan  Group,22
Klinipopor WorldWide Inc,23
SONIC,24
Haptanonar WorldWide ,25
Endbanefan  ,26
Thrubanexan  Group,27
EICA,28
INTELLIGENCE,29
SHANON,30
Adzapantor  ,31
RACER,32
Zeepickamentor  Company,33
Tipglibantor WorldWide Group,34
EPSIEN,35
Endtumamin Holdings ,36
Tipsipollex International ,37
FONY BERICSER,38
Rezapistor WorldWide ,39
CAMIO,40
OLYMPIC,41
FIJI,42
Parsipackover Direct ,43
MAXMAX,44
Thrubanex  Group,45
Monjubepazz  ,46
NIKKI,47
Unfropackentor  Inc,48
Suppebover  Company,49
HELLY,50
Suppebinor WorldWide ,51
Incadexantor Holdings ,52
Adtanexantor Direct ,53
Frovenackin Direct ,54
Adpickedistor WorldWide Inc,55
Tupvenazz  Corp.,56
Zeebaneficator Direct Company,57
Winhupommower International Company,58
Raphupantor  ,59
Lomzapamicator Direct ,60
Adsapefower International ,61
Varmunan Holdings ,62
Thruhupax International Inc,63
GARMANT,64
Zeetanex Holdings ,65
Barsapplazz  ,66
Trukilonor International ,67
Supglibower Holdings ,68
Endhupepan WorldWide ,69
Surwerommazz WorldWide Group,70
Klijubex International ,71
Qwimunamantor Holdings Company,72
Monrobegar WorldWide ,73
Qwierewan Holdings ,74
NILUS,75
Doptanommar  ,76
Monbanin WorldWide ,77
Adnipax Direct ,78
Rapwerewazz Holdings Company,79
Klijubentor WorldWide ,80
Endtanexazz International ,81
Qwierilex Direct Inc,82
Aderor WorldWide ,83
Varfropicator WorldWide Corp.,84
Monsipopantor Direct ,85
Varhupan International ,86
Thruzapimicator Direct Company,87
Monwerilower Holdings ,88
Endtinower  ,89
Upwerower Holdings Inc,90
Intinentor WorldWide Group,91
Qwiquestilor Holdings ,92
Trubanepex International Company,93
Thrujubupover  ,94
Cipwerewor WorldWide Group,95
Rapdudegantor Holdings Corp.,96
Tupfroponicator Holdings ,97
Zeepickplan  Group,98
Froglibackan  Corp.,99
Unpickollax  ,100
Zeewerar  ,101
Klihuponor  Group,102
Tipsapexover WorldWide Inc,103
Frowerar Holdings ,104
Rehupedgan  ,105
Frowerpax  Company,106
Doprobor  Company,107
Hapsapor International ,108
Supcadicax WorldWide ,109
Tuptumedor WorldWide ,110
Adkilewor WorldWide Corp.,111
Bartinor  Group,112
Partinistor Holdings Corp.,113
Thrucadegax WorldWide Group,114
Thrutanex  Inc,115
Emtumistor Direct ,116
Emfropackin  ,117
Truerin Direct ,118
Dopdudexistor International ,119
Tupmunistor  ,120
Varnipaquor WorldWide ,121
Rapvenover  ,122
Uneradistor International ,123
Monkilackazz Holdings Company,124
RASUS,125
Upsapazz WorldWide ,126
Surrobommistor  ,127
Adpickazz WorldWide ,128
Cipdimopan Holdings ,129
Unsipistor Holdings Group,130
Inwerepower Holdings Group,131
Surmunommex  ,132
Uptumegax  ,133
Bartumower Holdings ,134
Winfropanicator  Group,135
Cippickistor  Corp.,136
Tupkilor Direct ,137
Varhupicator Holdings Inc,138
Untumedantor International Inc,139
Endjubex  ,140
Truhupexin International ,141
Cipnipilicator  ,142
Grojubower International ,143
Tipfropan International ,144
Tuppebicator  ,145
Grozapplax Direct Inc,146
Doppebazz  ,147
Surerex  ,148
Surnipicator Holdings ,149
Surwerex WorldWide ,150
Surwerilantor International ,151
Frojubewin  ,152
Thruquestentor WorldWide ,153
Truzapinan WorldWide ,154
Tipnipor  ,155
Tipdudex  ,156
Varcadax Direct ,157
Trujubor International Group,158
Trusipackentor Holdings Company,159
Haptanin WorldWide ,160
Adsipackor  ,161
Doppickexan  ,162
Endjubin  ,163
Parrobommor WorldWide Group,164
Rewerefax WorldWide ,165
Grozapewistor  ,166
Thrupebewentor Direct ,167
Supdudax WorldWide Corp.,168
Gronipamar Holdings ,169
Zeesipax  Inc,170
Unbanex  ,171
Trupebor  Company,172
Doppebover Holdings ,173
Insapower  Inc,174
Addimegistor  Inc,175
Suptinewover Direct ,176
Lommunollan Holdings Group,177
Lomcadupazz  ,178
Truvenazz  Group,179
Monwerewan International Corp.,180
Lomwerpantor  Group,181
Thrusapazz  ,182
Suptumover  ,183
Ciptanex Direct Group,184
Adbananor WorldWide ,185
Tipkilinentor  Group,186
Sursipilan  Inc,187
Varrobplower WorldWide ,188
Supkilicator  ,189
Emjubor Direct Corp.,190
Raptanedgex International ,191
Grotinepentor  Group,192
Trusipedgan Direct ,193
Unpebefin  ,194
Thrufropar  Inc,195
Monzapax  ,196
Emmunar Direct Inc,197
Thrusipepax  ,198
Unquesticator Holdings ,199
Updimower Holdings Company,200
Monkilamentor WorldWide ,201
Barjubicator  ,202
Updudex  ,203
Frowerpackor Direct ,204
Zeetumaquicator Holdings ,205
Vartanor  Inc,206
Zeebanefower International ,207
IMPRO,208
Adtinex International ,209
Upfropax Holdings Group,210
Lomdimistor International ,211
Barnipplor  ,212
Emglibplar Direct ,213
Klizapollex Holdings ,214
Uperaquazz Holdings ,215
Trupickedover WorldWide Company,216
Hapcadedower WorldWide ,217
Tuptinax  Inc,218
Surtanover Direct Group,219
Trusipin  Inc,220
Monmunimar Holdings ,221
Lommunax Holdings Corp.,222
Untanefantor Direct ,223
Hapnipicator  ,224
Klisapicator Direct Company,225
Haptinollicator  ,226
Tipfropollistor International ,227
Winzapax Holdings ,228
Uncadicator Holdings ,229
Cipglibonar Holdings ,230
Frojubicator Holdings ,231
Thrududefan Direct ,232
Doptumazz International ,233
Klijubommistor Holdings Company,234
Dopdudor Direct ,235
Monzapplicator Direct ,236
Adjubistor Holdings Group,237
Grosapplistor  ,238
Inpickantor  ,239
Monnipax WorldWide Company,240
Lombanplicator  ,241
Surtinistor International Inc,242
Upwerpupin Holdings Corp.,243
Rapniponazz  Corp.,244
Upsipopantor  Inc,245
Pardudicator Holdings Inc,246
Emjubackantor WorldWide Inc,247
Tupdudan Holdings ,248
Hapfropilover  ,249
Uptananazz Direct ,250
Supsapicator WorldWide Corp.,251
Rappebinistor Direct ,252
Varweranan  ,253
Lomvenistor Holdings Inc,254
Wincador  Corp.,255
Redimewex  Company,256
Rapbanackax Direct Company,257
Supwerpamar WorldWide ,258
Adzapomman WorldWide Corp.,259
Thruquestefower  ,260
Tupmunollar WorldWide ,261
Tupsipollax International ,262
Tupgliban  ,263
Varhupilover Direct ,264
Qwitinar  Company,265
Dopsipazz Holdings Company,266
Zeewerpommantor  Inc,267
Parcadommover WorldWide ,268
Partumollor International ,269
Barpebiman  Company,270
Vardudewar  ,271
Sursipistor Holdings ,272
Klibanower  Corp.,273
Sureregan WorldWide Group,274
Winquestilax  Company,275
Zeevenazz Direct Group,276
Recadilover International ,277
Frokilex  ,278
Monrobower International Corp.,279
Kliwerpanantor WorldWide ,280
Rapweraquin Holdings Company,281
Haprobonower Holdings ,282
Frozapplentor  Group,283
Uptinar  ,284
Surwerpex WorldWide Inc,285
Lomkilower  ,286
Raperamantor WorldWide Inc,287
Dopcadantor  Group,288
Cipsapilentor International Group,289
Trunipedgazz  ,290
Rapdimor  ,291
Truquestaquentor Direct Company,292
Winvenor  Group,293
Tuppickepor International ,294
Inerefor  ,295
Rapdimentor Holdings ,296
Upquestepantor Direct ,297
Supdimollar WorldWide Corp.,298
Upwerpefar WorldWide Company,299
Klitumar Direct ,300
Tipglibistor International ,301
Resipazz Direct ,302
Endwerpommax  Group,303
Adtumor Holdings ,304
Hapmunommex Direct ,305
Frotumegan  Corp.,306
Hapmunepicator International ,307
Supsipilantor Holdings ,308
Tipfropadentor International ,309
Happickamistor International Group,310
Hapkilplantor  Company,311
Varnipimin Direct ,312
Thrumunax  ,313
Zeenipadax Holdings Company,314
Endpickepistor Direct ,315
Inweromman Holdings ,316
Frozapar WorldWide Group,317
Emsapadantor Direct ,318
Monrobex  ,319
Infropentor International ,320
Untinex Direct ,321
Winsipimex International ,322
Invenentor  Inc,323
Rapbanplover  Group,324
Tupnipupantor  Inc,325
Parsipopistor  ,326
Zeemunommover WorldWide ,327
Upglibonan  Corp.,328
Lompickistor WorldWide ,329
Wintinar Direct Group,330
Rapsapaquicator  ,331
Retanicantor Holdings Company,332
Upfropimazz Holdings ,333
Barkilicax International ,334
Raptanower WorldWide ,335
Happickor International ,336
Winsapegan Direct ,337
Frohupplantor Holdings ,338
Dopnipover Direct Corp.,339
Gronipar International Group,340
Raptanor WorldWide ,341
Dopquestan Direct ,342
Unwerin  Inc,343
Frodudower Direct ,344
Dopglibin  ,345
Lommunollantor Holdings ,346
Hapdimexin WorldWide ,347
Monbanamover Direct ,348
Cippebefentor Direct Company,349
Varmunentor International Group,350
Fropickepistor Holdings ,351
Dopsipinan  Corp.,352
Adzapex International Inc,353
Truvenimover WorldWide ,354
Qwidimicistor WorldWide Group,355
Grojubor Direct ,356
Surroban Direct ,357
Adkilazz Holdings ,358
Monwerpicator  ,359
Klierplicator International Group,360
Lomcadackazz WorldWide ,361
Endbanexar WorldWide ,362
Survenicar WorldWide ,363
Empickazz Holdings Company,364
Frofropaquax  Company,365
Tupjubupicator WorldWide Group,366
Monsipplistor International ,367
Hapfropegover  ,368
Parmunaquicator Holdings ,369
Upfropan International ,370
Surtanicex WorldWide Group,371
Gropebupax Holdings Company,372
Rapwerar International ,373
Happickamentor International ,374
Lomtumedin Direct ,375
Monrobackantor Holdings ,376
Thrusipentor Holdings ,377
Thrudimar  ,378
Rapnipazz Holdings Corp.,379
Unjubazz  ,380
Tuppebin International ,381
Thruwerpedgin  ,382
Bartinover  ,383
Refropewar WorldWide Inc,384
Adcadopazz WorldWide Inc,385
Thruvenedgax International Company,386
Endmunicator Direct ,387
Sureranantor International ,388
Rapcadefex Direct ,389
Thruglibplover  ,390
Monkilax Holdings ,391
Vartumaquazz  Inc,392
Qwihupinar  Inc,393
Raptumin  ,394
Lomcadax Direct ,395
Emtinplentor Holdings Inc,396
Qwierupantor  ,397
Varjubantor Holdings ,398
Infropax Direct ,399
Tipnipommin WorldWide Company,400
Parbanedicator Holdings ,401
Grozapaquistor  ,402
Thrusipistor WorldWide Corp.,403
Varsapar Holdings Group,404
Parquestedor Direct ,405
Resipin  ,406
Mondimentor International ,407
Truglibinar Direct ,408
Doppebantor Direct Group,409
Tippebex  Inc,410
Cipsapeficator WorldWide Group,411
Inbanan WorldWide Inc,412
Unpickazz  ,413
Requestazz WorldWide Inc,414
Surbanplower  ,415
Endvenar WorldWide ,416
Qwicadamex  Inc,417
Mondudantor International Corp.,418
Inhupplover Holdings ,419
Supzapower International Group,420
Hapbanower  ,421
Doptumamistor WorldWide Group,422
Parzapistor Holdings Company,423
Fropebinin  Group,424
Tuperackantor International ,425
Uppebower  ,426
Lomkilaquax  ,427
Trufropentor  Company,428
Varwerin Direct ,429
Varvenopower WorldWide Corp.,430
Hapmunin International ,431
Kliwerexax Holdings ,432
Varerin International Group,433
Thrusapicator International ,434
Trujubepex  ,435
Enderplentor  Inc,436
Thrumunentor WorldWide Company,437
Adpickicicator Direct Company,438
Inrobilentor Holdings ,439
Supvenex  ,440
Inmunplazz Direct ,441
Varhuponantor Direct Inc,442
Mondimin  Group,443
Retumicator  ,444
Barbanupentor Direct ,445
Rapbanan WorldWide ,446
Innipexin International Company,447
Dopfropewover  Inc,448
Zeebanax International ,449
Frohupover  Inc,450
Tupsipistor Direct ,451
Reweristor  ,452
Hapsipewazz WorldWide ,453
Uprobegin WorldWide ,454
Montumicator Holdings Inc,455
Cipbanin Direct ,456
Klitumedgover International ,457
Tupzapadax Direct ,458
Monwericator Holdings ,459
Rapmunistor Direct ,460
Parsiponover Direct ,461
Bartanan WorldWide ,462
Surtumimazz  ,463
Groglibepor WorldWide ,464
Cipericator International Company,465
Cipzapollex  Company,466
Retinower  ,467
Monsapor International ,468
Surbanicator International Company,469
Wincadantor Holdings ,470
Trupebefover Holdings ,471
Rapkilollex WorldWide Company,472
Frojubedantor WorldWide ,473
Innipentor Direct ,474
Repickanor Direct Company,475
Winrobollower International ,476
Refropepor  Corp.,477
Qwiericator  Inc,478
Parkiledgax Direct ,479
Zeevenackin WorldWide ,480
Frosapicator  ,481
Uppickefax Direct ,482
Empickefentor International Corp.,483
Vareran Holdings Corp.,484
Monjubegax International Company,485
Emhupicator WorldWide ,486
Tipjuban WorldWide ,487
Adtinedantor  ,488
Thrusapax Direct ,489
Unquestepax  Corp.,490
Tupquestommower  ,491
Adglibistor  Company,492
Emcadanover International Inc,493
Thrutinepax  Inc,494
Dophupadistor International ,495
Parerimicator Direct ,496
Uptinazz WorldWide Group,497
Thrunipazz International ,498
Vardimover  ,499
Thruhupicator  ,500
Inwerex Holdings ,501
Thrucadazz Holdings ,502
Tipkilower Holdings Inc,503
Truerantor WorldWide Corp.,504
Hapfropover WorldWide Company,505
Thrutumantor  ,506
Surtumistor Holdings Company,507
Varrobar  ,508
Varwerpegover International ,509
Endvenover International ,510
Dopkilower International ,511
Inbanicator International ,512
Ciptumover  Inc,513
Winwerpimor  ,514
Winkilefover  Company,515
Intanaquin  Inc,516
Lomvenover  ,517
Parzapentor International Inc,518
Grodudefentor International Group,519
Zeewerpar  Corp.,520
Qwidimor  ,521
Untanefex Holdings Corp.,522
Thruerax Direct ,523
Zeekilazz  ,524
Endtumover  Company,525
Truvenplentor International ,526
Lomerantor  ,527
Ciprobimower WorldWide ,528
Hapvenopantor  ,529
Raptanadicator WorldWide ,530
Trududan WorldWide Inc,531
Emcadackax Direct Corp.,532
Cipvenex  Inc,533
Unmunazz International ,534
Gropickollantor  Company,535
Kliquestax WorldWide Corp.,536
Cipgliban International Inc,537
Dopcadover WorldWide ,538
Klinipin Holdings Inc,539
Hapnipanor  Company,540
Supdimefower  ,541
Emnipaquazz Direct ,542
Qwimunantor  Corp.,543
Insipplor  ,544
Montumover  Group,545
Rewerewan International Inc,546
Thruglibazz WorldWide ,547
Tipsapegentor  ,548
Raptumicator International ,549
Unvenin Direct ,550
Varsipopicator International ,551
Adhupistor  Corp.,552
Frozapex Holdings ,553
Trududan  Group,554
Rapquestedower  ,555
Zeekilicator Direct Company,556
Parmunicistor International Corp.,557
Vartumonax Holdings ,558
Lomerin Holdings Company,559
Parsipedover  ,560
Superedex Direct ,561
Rapsapistor Direct ,562
Qwivenazz  Corp.,563
Lomjubex International ,564
Emzapexor Direct Group,565
Surdimollan Holdings ,566
Supnipilicator Direct Group,567
Rezapicator Direct Group,568
Repebover  Company,569
Inmunimicator Direct ,570
Kligliban WorldWide ,571
Tipcadommantor  ,572
Windimower International Company,573
Winzapower Direct Corp.,574
Emkilackistor  ,575
Thrurobax Holdings Group,576
Upbanicator  ,577
Supfropupar  ,578
Supdimackex International ,579
Gromunegax WorldWide Company,580
Monbanewover International ,581
Monglibentor WorldWide ,582
Repickedgor Direct Corp.,583
Klizapin WorldWide ,584
Sursapin International Corp.,585
Cipfropicentor Holdings ,586
Monwerpazz Direct Company,587
Rapcadackax WorldWide ,588
Resipepazz WorldWide Group,589
Thrunipplex  ,590
Emtumor Holdings ,591
Tuppickewicator Direct ,592
Hapsapower  Inc,593
Zeedudicicator Holdings Group,594
Varsipamantor Holdings ,595
Frozapadover Holdings ,596
Emmunicex Holdings Company,597
Thrunipentor  ,598
Truwerpackar Holdings ,599
Bartumex WorldWide ,600
Supmunadentor Holdings Company,601
Inquestegor  Group,602
Addimantor WorldWide ,603
Suphupamazz  ,604
Adwerpommax Direct ,605
Cipsipax International ,606
Lomtanicax  Group,607
Tipmunantor Direct ,608
Rappickepower WorldWide ,609
Zeecadollantor  ,610
Endcadamazz Holdings Corp.,611
Tupvenistor WorldWide Inc,612
Frowerpollazz  ,613
Innipicator Direct ,614
Barkilentor Direct ,615
Dopquestex  ,616
Endsipax  ,617
Winkilanan Holdings Corp.,618
Hapvenan  ,619
Trutanefentor  ,620
Tipzapistor  Group,621
Endglibentor Direct Corp.,622
Gropickopantor WorldWide ,623
Remunommantor Holdings ,624
Haptumin Direct ,625
Qwibanazz  ,626
Rapbaneficator  Corp.,627
Varcadegower Holdings Inc,628
Unrobicator Direct Group,629
Rewerar WorldWide Inc,630
Thrurobexar International ,631
Varvenaquex WorldWide Company,632
Dopzapentor WorldWide ,633
Endjubistor Holdings ,634
Trufropor International ,635
Rezapewover WorldWide Group,636
Lomtanupover International Inc,637
Unvenedgicator Holdings Inc,638
Aderanax Holdings ,639
Hapnipador Direct Group,640
Endnipommantor WorldWide ,641
Endwerpan Holdings ,642
Groericator Direct ,643
Tuproban Holdings ,644
Trutanan WorldWide Inc,645
Thrusapimicator Direct ,646
Vartinilan  ,647
Parmunicover  ,648
Ciphupimistor  ,649
Hapquestover  Inc,650
Endwerpedor  Corp.,651
Parrobor International Company,652
Monsipover Direct Corp.,653
Tupnipilan  ,654
Kliweror Holdings ,655
Qwipickinicator  Inc,656
Incadentor WorldWide Company,657
Frocadin Direct Inc,658
Tipsipepover Direct ,659
Trutumefover Direct ,660
Redudefar  Corp.,661
Surtanex Holdings Group,662
Trutinaquistor Holdings ,663
Parkilanar Holdings Inc,664
Uphupan International Inc,665
Upfropilar Holdings Company,666
Endkilaquicator International ,667
Parpebor Holdings ,668
Bartinedgan Direct ,669
Inrobar WorldWide ,670
Montanar  Corp.,671
Emdudplover Holdings ,672
Surwerpor International ,673
Revenadistor  Company,674
Qwiquestor International ,675
Emdimadicator WorldWide Inc,676
Rekilefan WorldWide Company,677
Fronipistor WorldWide Company,678
Intinantor Holdings ,679
Varbananover Direct ,680
Frozapex  Inc,681
Hapcadar International ,682
Montinegar Holdings ,683
Rapzapentor WorldWide ,684
Empebegover WorldWide ,685
Winquestaquentor WorldWide ,686
Thrusapewistor WorldWide Company,687
Dopmunar  ,688
Adhupommazz  Corp.,689
Thrududollex Direct ,690
Lompebax Holdings ,691
Truzapicover Holdings ,692
Unwerpommax International ,693
Thrucadower  ,694
Grohupilicator  ,695
Cippebackistor WorldWide Inc,696
Cipwerpax Holdings ,697
Lomsapanor Direct ,698
Thrududicover International ,699
Frokilollower WorldWide ,700
Trupickicator  ,701
Winsapover Direct ,702
Lomhupupicator International Corp.,703
Uppebedgar Holdings Group,704
Monsipex  Company,705
Undimar WorldWide Group,706
Endhupedor Holdings Corp.,707
Growerpin WorldWide Company,708
Emdudamentor International ,709
Emquestex  ,710
Dopzapistor WorldWide Group,711
Tipwerpicator WorldWide ,712
Cipsipentor Holdings ,713
Monmunar  ,714
Cipwerpicator  ,715
Winzapover Direct ,716
Winkilar International Company,717
Suptumilor  ,718
Undimentor Holdings ,719
Surtumax  ,720
Lomtumover  Group,721
Hapjubedicator  Corp.,722
Haptinar Holdings ,723
Gromunommin Holdings ,724
Klinipanor Direct Corp.,725
Partumistor WorldWide ,726
Supsapentor Direct Inc,727
Froglibackazz  Inc,728
Hapcadar  ,729
Qwifropefentor  Corp.,730
Aderover Holdings ,731
Qwitanazz  Corp.,732
Windimor Direct ,733
Frokilin Holdings Corp.,734
Endwerpepax  ,735
Mondudedgazz  ,736
Tupzapedgentor Holdings ,737
Qwipebax WorldWide ,738
Emcadex  Company,739
Supwerazz  ,740
Resapollantor Direct ,741
Grosipican  ,742
Rappickican  ,743
Tipwerpantor International Inc,744
Uphupantor WorldWide ,745
Suptinax Holdings Corp.,746
Trurobazz International Group,747
Tipzapantor Holdings ,748
Lomtanicantor Holdings ,749
Klihupantor WorldWide Company,750
Emtananar WorldWide ,751
Unzapamazz Holdings ,752
Lomdimefin Holdings Group,753
Grotumegor Direct ,754
Emjuban WorldWide ,755
Advenicator WorldWide Group,756
Dophupicator Direct ,757
Tupzapinantor  ,758
Klizapupar  ,759
Dopfropanan Direct ,760
Surglibentor  Inc,761
Enderonicator  ,762
Tupwerpegor Holdings ,763
Emwerpepicator  ,764
Adericator  ,765
Winquesteficator WorldWide Corp.,766
Truerinor International Corp.,767
Zeehupollan  ,768
Qwitanazz WorldWide ,769
Frozapex Direct ,770
Updimollex International ,771
Resapar  Inc,772
Grodimadex  ,773
Cipjubegentor  Company,774
Dopkilamantor Holdings Corp.,775
Hapzapor Holdings Corp.,776
Surglibover Holdings Company,777
Zeetinommar  Corp.,778
Surhupex WorldWide Company,779
Rejubedgover Direct ,780
Ciptumower Holdings Group,781
Retanor WorldWide ,782
Inrobentor  ,783
Lomzapazz  Group,784
Frofropor Holdings ,785
Retumower International ,786
Emdudantor WorldWide Company,787
Tipnipplower  Company,788
Upvenor Direct ,789
Tipzapin  Inc,790
Doptumadax International ,791
Gromunan Direct Company,792
Parzapegantor Direct ,793
Hapsipedin International ,794
Winrobexar  ,795
Emquestewar International ,796
Zeesapefover Holdings ,797
Lomtanadower Holdings Corp.,798
Upglibomman Direct ,799
Emroban Holdings Company,800
Unnipedar International ,801
Dopwerefazz WorldWide Inc,802
Varjubistor Direct ,803
Inbanilex Holdings Company,804
Varwerpicentor  ,805
Qwiwerupax International Corp.,806
Emdimover Holdings Group,807
Parerupistor WorldWide ,808
Barjubackex International Inc,809
Qwiwerpor WorldWide Company,810
Trutineficator  Inc,811
Surmunin International ,812
Surmunicentor International Group,813
Tipdimackantor  ,814
Rapjubax WorldWide ,815
Parzapollar International ,816
Ciptaninazz WorldWide Group,817
Upfropistor WorldWide Corp.,818
Adquestin WorldWide ,819
Zeerobower Holdings Company,820
Cipkilackin Holdings Corp.,821
Winquestan  Company,822
Trukilentor WorldWide Inc,823
Emglibentor Holdings Corp.,824
Emsipedax WorldWide ,825
Emsapamex  Group,826
Monsapopazz  Corp.,827
Kliwerpar  ,828
Emtanedgicator  ,829
Monzapower WorldWide ,830
Endtumower Holdings ,831
Tiptumazz WorldWide Corp.,832
Thrududentor  ,833
Uptinor  ,834
Grorobentor International ,835
Trukilazz  Inc,836
Suppebover Holdings Inc,837
Hapwerewazz International ,838
Tupbanistor WorldWide ,839
Zeepickonar  ,840
Lomdudedar Direct Inc,841
Surtumin Direct Inc,842
Inroban  ,843
Zeedimax Holdings Company,844
Varmunefin  ,845
Trutanax Direct Group,846
Klizapin  ,847
Thrupickentor Holdings ,848
Cipfropimistor  Inc,849
Growerpentor  ,850
Sureranar WorldWide Inc,851
Tipquestan  Group,852
Trunipinicator Direct ,853
Surtanepar  Corp.,854
Zeetinan Direct Corp.,855
Surbanexistor  ,856
Frowerpentor International Inc,857
Klitanantor  Corp.,858
Tipglibollantor  Corp.,859
Parnipax International Corp.,860
Undudar  Corp.,861
Addimin  ,862
Varsapantor International Group,863
Wintumistor International ,864
Uphupan Direct ,865
Qwitumegentor WorldWide ,866
Supsipin WorldWide Group,867
Raptininentor Holdings ,868
Supfropegover Direct ,869
Surroban Direct Company,870
Tuptinax International Corp.,871
Supsipover  ,872
Upsapan Direct ,873
Adpickex  ,874
Surtumommar Holdings ,875
Tupjubower Direct ,876
Lomwerpackax International Corp.,877
Gropickin Direct ,878
Thruzapex International ,879
Grotumilor International Company,880
Barrobamar  ,881
Rapwerpex  ,882
Supmunedax International ,883
Monnipollar Direct ,884
Supglibanantor International Corp.,885
Zeetanan WorldWide Company,886
Untuminax Direct Group,887
Tipmunaquex Holdings ,888
Monkilin  ,889
Invenicator WorldWide Company,890
Grodudover  Company,891
Wintininex  Corp.,892
Kliquestin WorldWide Company,893
Parkilover  ,894
Uppickentor  Corp.,895
Vartanover Holdings Group,896
Klitumplin Holdings Inc,897
Adnipazz Holdings ,898
Tupsipexower Holdings Inc,899
Klinipadower Direct Company,900
Indimower Direct Inc,901
Raphupexin Holdings Inc,902
Haptinex WorldWide ,903
Trukilamentor WorldWide ,904
Varweropistor Direct ,905
Ciptanewentor Holdings ,906
Vartanin Direct ,907
Redimadover Direct Group,908
Groerollan Holdings Corp.,909
Inpickazz  ,910
Klipickollan International ,911
Cipwerex  Inc,912
Surdimegex International ,913
Wintanewantor  ,914
Qwierower Direct Inc,915
Moncadistor  ,916
Qwipickplor  ,917
Grosapadar Holdings Group,918
Fronipazz WorldWide ,919
Admunefar International ,920
Thruquestar  Group,921
Zeenipefex Holdings ,922
Monzapin Direct Corp.,923
Inkiladar WorldWide ,924
Lomquestover Holdings ,925
Adtanefin  Inc,926
Zeewerpex WorldWide ,927
Klihupackan  Corp.,928
Qwiweregex WorldWide Company,929
Requestonan WorldWide Inc,930
Upvenar  Group,931
Endnipommazz  ,932
Barjubegin Direct Corp.,933
Indudar Direct Group,934
Trudimimantor International Inc,935
Monkilepicator Direct Group,936
Cipbanupor WorldWide ,937
Zeedudar  Company,938
Lomcadollor  ,939
Moncadentor Holdings Inc,940
Hapdudicator International ,941
Unsipimar WorldWide Group,942
Klidimplin  ,943
Groquestedgentor International ,944
Parjubover  ,945
Incadistor International Corp.,946
Wincadplicator  Group,947
Qwikilommax International Company,948
Hapjubor International Company,949
Grojubewazz International Inc,950
Moncadin WorldWide ,951
Trutanower  ,952
Hapcadentor  Company,953
Zeepickan Holdings ,954
Raptumicator  ,955
Froglibover  ,956
Monpebanor International Company,957
Tuperazz International ,958
Barzapanex  ,959
Inrobax WorldWide ,960
Fropickin  ,961
Zeepickistor WorldWide ,962
Grorobaquower  Company,963
Supjubentor WorldWide ,964
Adsapedgicator International ,965
Varglibar International Company,966
Retumewax  ,967
Emtanantor Holdings ,968
Fropickistor International ,969
Lomzaponar Direct ,970
Supwerpover International Corp.,971
Montanover Direct ,972
Windimackin International ,973
Qwierentor WorldWide Group,974
Emfropan  Inc,975
Inpebicator Direct Inc,976
Trukilonex Direct Group,977
Moncadedgax International ,978
Winweredgor  Inc,979
Winpebaquor  Inc,980
Surdudin  ,981
Qwiwerpar Holdings ,982
Winnipicistor International ,983
Pardimistor  ,984
Emsapommover WorldWide ,985
Enddimin International ,986
Winhupazz International ,987
Inglibefex WorldWide Corp.,988
Qwierower WorldWide ,989
Trusipicator WorldWide Inc,990
Winwerpimover International ,991
Supcadan Direct ,992
Revenopin International Inc,993
Unfropanover Holdings ,994
Parhupexan  ,995
Dopjubicator Holdings Inc,996
Hapfropollazz  Group,997
Tupglibadower WorldWide Group,998
Tuperaquower WorldWide Company,999
Lomcadex  ,1000
Cipcadimower Holdings ,1001
Emrobicazz  ,1002
Klibanefex  Company,1003
Varsipover Holdings ,1004
Adsapower International ,1005
Surfroponantor Holdings ,1006
Emcadax  ,1007
Qwimunegin  ,1008
Suptaneficator  ,1009
Unhuponor Direct ,1010
Zeehupollicator Holdings Company,1011
Adpickonazz  ,1012
Rapkilepan Direct Company,1013
Monmunegover  ,1014
Doprobantor  Company,1015
Barfropex WorldWide ,1016
Rapmunentor International ,1017
Rapsapexower Direct ,1018
Surbanadover Direct Company,1019
Untumedentor International Corp.,1020
Mondimover WorldWide Corp.,1021
Trurobplin  Company,1022
Winsapedin  Company,1023
Surtumican Holdings ,1024
Lomkilar Direct ,1025
Tupmunentor  Group,1026
Upwerpewin  Company,1027
Surdudimistor  Group,1028
Dopwerpazz  ,1029
Gronipepax International Company,1030
Grosipin Direct ,1031
Varnipor Direct Company,1032
Trujubover Direct ,1033
Tipglibepor International ,1034
Varmunefower  ,1035
Tupfropar WorldWide ,1036
Cipwerewar WorldWide ,1037
Upnipopistor  ,1038
Klidudewan Holdings ,1039
Winhupan  Corp.,1040
Injubentor Holdings ,1041
Emtinommor Holdings ,1042
Raphupinan  ,1043
Varwerazz Holdings Company,1044
Thruwerefin  ,1045
Zeetaninover International ,1046
Rapbanover Direct Corp.,1047
Uppebor  Group,1048
Qwikilepor Holdings Company,1049
Grocadilor  Inc,1050
Cipsipomman  Inc,1051
Supsapazz WorldWide ,1052
Adwerpefentor  ,1053
Tipkilegan  Corp.,1054
Parrobefin  Company,1055
Monwerpicator Direct Group,1056
Supnipover  Group,1057
Surdimadar Holdings ,1058
Fromunefan  Inc,1059
Tuprobiman Direct ,1060
Grofropistor International Inc,1061
Tippickax  Company,1062
Lomquestan  Company,1063
Doperilower Direct Group,1064
Adsapedgover Direct ,1065
Adtumin International ,1066
Tupsipax  Inc,1067
Dophupollantor  Corp.,1068
Truwerex WorldWide Company,1069
Tupfropefistor Holdings ,1070
Hapdudan International ,1071
Trutinegover WorldWide ,1072
Upmunazz  ,1073
Klimunadistor International ,1074
Frohupollistor  ,1075
Tuptinin Direct Group,1076
Adhupax Holdings Corp.,1077
Renipefentor Direct Corp.,1078
Tuppebantor International Company,1079
Upzapollicator WorldWide Company,1080
Froglibazz Holdings ,1081
Grohupewex International Group,1082
Varkilex  ,1083
Emwerpilan  Group,1084
Supsipar International ,1085
Winsapar Direct ,1086
Trupebax  ,1087
Qwipebentor Holdings ,1088
Parpickicator  ,1089
Refropaquazz  ,1090
Endglibexistor Direct ,1091
Klipebor Direct ,1092
Winpickanantor Direct ,1093
Inrobicator WorldWide Inc,1094
Tupzapamover  Corp.,1095
Surmunor  ,1096
Insipex  ,1097
Raperopower Direct Inc,1098
Barjubinar  ,1099
Qwicadower  Corp.,1100
Doptumentor International ,1101
Trusapefar International Inc,1102
Tupquestan Direct ,1103
Tiprobazz  ,1104
Embanackar Holdings ,1105
Frobanentor International ,1106
Parhupupicator WorldWide ,1107
Dopwerpor WorldWide Company,1108
Wintumazz Holdings Corp.,1109
Pardimover  ,1110
Thruwerantor International ,1111
Emzapewax International ,1112
Cipdudexantor Holdings ,1113
Surfropentor Direct ,1114
Rewerpilentor  Inc,1115
Thruquestax  Group,1116
Tuppickentor International Inc,1117
Tuppickaquicator Direct ,1118
Endpickackan  ,1119
Upquestefistor  ,1120
Klirobepazz  Group,1121
Tuperan WorldWide ,1122
Emweregar  ,1123
Parpebonover International Company,1124
Surwerpower  ,1125
Lompickower Holdings Company,1126
Tupglibommower Holdings ,1127
Trupebexantor  ,1128
Tipbanamax  ,1129
Klikilower  ,1130
Bardimamentor International ,1131
Supzapistor  Company,1132
Frosapefax WorldWide Corp.,1133
Gropickar Holdings ,1134
Lomfropewistor Direct Group,1135
Emglibex WorldWide ,1136
Rehupower Holdings ,1137
Tiphuponantor International Company,1138
Emerin WorldWide ,1139
Tiptuman Holdings ,1140
Bartumedistor  ,1141
Parfropedgover WorldWide ,1142
Upcadanan  ,1143
Hapbanentor WorldWide Corp.,1144
Rebanadar  ,1145
Klitanistor  Group,1146
Inmunover Holdings Inc,1147
Frotinommax  Group,1148
Unpebentor WorldWide Inc,1149
Tippebamor  ,1150
Emcadonistor  Corp.,1151
Frotinan Direct ,1152
Cipvenin International ,1153
Surkilegentor WorldWide Inc,1154
Supquestover  ,1155
Dopnipicator Holdings ,1156
Ciptinicover International ,1157
Emdimanin Holdings ,1158
Zeetanower  ,1159
Inerex Direct ,1160
Surdudefazz WorldWide Corp.,1161
Tipbanommicator  ,1162
Adrobentor International Corp.,1163
Upwerpar WorldWide Group,1164
Frozapantor WorldWide ,1165
Qwiwerpor  ,1166
Enddimaquax  ,1167
Thrumunackazz International Group,1168
Rapmunplover  ,1169
Unwerpax Holdings ,1170
Upzapamazz Direct ,1171
Grosipollazz  Group,1172
Doptanopan  ,1173
Supjubar  ,1174
Supjubover WorldWide ,1175
Klidudicentor Direct ,1176
Emtinan International Company,1177
Cipsapan  ,1178
Surglibewistor  Group,1179
Supdudaquicator Direct ,1180
Unquestanar Direct ,1181
Thrujubin WorldWide ,1182
Adtanin WorldWide ,1183
Grotumar  Company,1184
Thruglibazz International ,1185
Reglibefan Holdings Corp.,1186
Unzapar Holdings ,1187
Varquestaman  ,1188
Untanedower Direct ,1189
Supnipupor Holdings ,1190
Emdudegazz WorldWide Inc,1191
Rapdimefan WorldWide ,1192
Monnipepower Direct ,1193
Endtanex Holdings Corp.,1194
Haphupistor International Company,1195
Untumin Direct ,1196
Hapnipedistor WorldWide ,1197
Mondudanentor Holdings ,1198
Supsapommover  Company,1199
Frodimonower WorldWide ,1200
Suprobommazz WorldWide ,1201
Surrobedgin Direct Inc,1202
Endfropantor International Inc,1203
Tuppickopistor Holdings Inc,1204
Tipdimopan International ,1205
Bartanin Direct Company,1206
Adzapicar Holdings ,1207
Klidudover International Group,1208
Varcadazz Direct Inc,1209
Endsipicover International ,1210
Frokilar  ,1211
Zeevenower  Corp.,1212
Endhupinicator Direct Inc,1213
Supzapefan WorldWide Inc,1214
Ciptanantor WorldWide ,1215
Truwerexax Direct ,1216
Raphupor International ,1217
Monquestefex WorldWide ,1218
Emglibor  Corp.,1219
Lomcadantor  Group,1220
Rapzapar International Group,1221
Grorobicator International ,1222
Tiprobantor  ,1223
Endsapan International ,1224
Varsiponin  Company,1225
Winrobex Holdings ,1226
Inglibentor Direct ,1227
Varwerpeficator Holdings ,1228
Lomwerefazz  ,1229
Varzapax  ,1230
Supdudilover  Company,1231
Tupquestedax Holdings Company,1232
Adnipegax  ,1233
Wincadupin WorldWide ,1234
Winwericin Direct Group,1235
Unvenefistor  ,1236
Ciperex International Inc,1237
Trupebinin Holdings ,1238
Hapjubaman  ,1239
Parcadopazz Holdings Company,1240
Thruwerpentor  Corp.,1241
Endsipicar WorldWide ,1242
Cipwerpantor WorldWide Group,1243
Lomtanor Holdings Inc,1244
Unbanentor  Company,1245
Trusapor Direct ,1246
Surquestor Holdings ,1247
Unsapplor  ,1248
Zeerobar Direct ,1249
Hapkilax Direct ,1250
Lomnipex International ,1251
Surmunollower  ,1252
Bardudistor Direct ,1253
Adpickefar WorldWide Company,1254
Inmunower  Group,1255
Partinan International ,1256
Thrujubimor  ,1257
Emrobadax Holdings Group,1258
Frojubefar Holdings Corp.,1259
Zeecadaquax Holdings ,1260
Monfropanex WorldWide ,1261
Hapfropaquax  ,1262
Fropickaquin  ,1263
Supbanilar  ,1264
Upweristor International Corp.,1265
Lomwerentor  ,1266
Upwerpor  Company,1267
Trufropicator WorldWide Company,1268
Varmunor WorldWide ,1269
Thruhupommicator WorldWide ,1270
Endrobazz Holdings Inc,1271
Barrobefex Holdings Company,1272
Endbanicator Holdings ,1273
Frobanor Direct ,1274
Varvenazz WorldWide ,1275
Monbanimantor Direct ,1276
Retumar Direct ,1277
Dopdimover Holdings Corp.,1278
Lombanonin International ,1279
Tiptinedentor  Company,1280
Lomcadex  ,1281
Thruquestedin WorldWide ,1282
Lomdudadex Holdings Corp.,1283
Groglibor Holdings Corp.,1284
Trujubupin International ,1285
Trucadommicator International ,1286
Mondimaquantor Holdings Inc,1287
Repebantor WorldWide ,1288
Hapweranover WorldWide Corp.,1289
Innipin  Inc,1290
Infropicator  Corp.,1291
Lompickedover International Group,1292
Thruglibedgan Direct Corp.,1293
Endcadefazz  ,1294
Aderax Direct ,1295
Addimollicator Direct ,1296
Lomerin WorldWide Inc,1297
Hapdudover  Group,1298
Zeekilax  Corp.,1299
Parglibover  Group,1300
Monwerponazz Direct ,1301
Retanimor WorldWide Group,1302
Resapax Holdings ,1303
Rapjubexantor  Company,1304
Varwerpilentor Holdings Group,1305
Kliwerpan WorldWide Inc,1306
Inmunentor International ,1307
Trugliban WorldWide ,1308
Barhuponicator  ,1309
Grosipantor  Corp.,1310
Klisipower International ,1311
Emwerpor Holdings Group,1312
Redimin Holdings Inc,1313
Klitinewazz Holdings ,1314
Emwerower  Group,1315
Rapdudollan International ,1316
Trueredax Holdings Inc,1317
Tipquestexentor  ,1318
Bardimover Direct ,1319
Tipnipistor Holdings Inc,1320
Emwericator WorldWide ,1321
Surfropupantor Holdings ,1322
Tipkilan WorldWide ,1323
Trupebentor WorldWide ,1324
Supnipegistor WorldWide ,1325
Lomfropewex WorldWide ,1326
Retinadar  Inc,1327
Barpebower Direct Group,1328
Suptanedicator International ,1329
Supdimedan  ,1330
Surwerpegantor WorldWide Corp.,1331
Adsapower  ,1332
Endzapantor Holdings ,1333
Raptinower Direct Company,1334
Emeregar Direct ,1335
Winwerilex  Company,1336
Qwiwerpeficator Holdings ,1337
Surhupower International ,1338
Klidudar Direct ,1339
Lomjuban WorldWide Inc,1340
Lommunackin International ,1341
Unrobonan Holdings Corp.,1342
Monhupupor International ,1343
Froerantor Direct Company,1344
Infropepor International ,1345
Rapglibepazz WorldWide Group,1346
Cipcadimover WorldWide Company,1347
Monkilegazz Direct ,1348
Emsapantor Holdings ,1349
Uptinollor Holdings Corp.,1350
Hapweranor  ,1351
Rejubommentor Direct Group,1352
Uppickazz International ,1353
Barcadegazz Direct ,1354
Lomcadaquar Direct ,1355
Zeetinor International ,1356
Redudazz  Corp.,1357
Thrukilewan International Company,1358
Varcadin WorldWide ,1359
Lompickewover  ,1360
Klizapaquantor Direct ,1361
Zeemunazz  ,1362
Tupsipamor WorldWide ,1363
Cipsipaquantor International Corp.,1364
Supsipplower International ,1365
Endtanexax International ,1366
Lompebentor  ,1367
Dopwerpistor  ,1368
Surerover Holdings ,1369
Cipsipanantor  Inc,1370
Rewerpor Holdings ,1371
Untumackor International Company,1372
Lomcadan International ,1373
Kliwerpax WorldWide ,1374
Surnipan Direct Company,1375
Insapazz Direct ,1376
Uptumower  ,1377
Barjubefentor WorldWide Company,1378
Tupquestantor Holdings ,1379
Trukilantor Holdings Corp.,1380
Grotanefazz  Corp.,1381
Dopquestimower Holdings Group,1382
Frotumower Holdings ,1383
Suptinistor  ,1384
Grovenar Direct ,1385
Truerover  ,1386
Emnipicator Direct ,1387
Winvenax WorldWide ,1388
Thrupickax Direct ,1389
Thrubanamicator International Group,1390
Thrutanentor  Inc,1391
Ciprobonex Direct Inc,1392
Froglibupar International ,1393
Qwimunover International Group,1394
Monwerpaquower  Corp.,1395
Raptinaquar  Group,1396
Hapkilanin WorldWide ,1397
Varjubar  Group,1398
Updudantor  ,1399
Frotumantor  ,1400
Varbanex WorldWide ,1401
Endcadepex  ,1402
Zeevenegan WorldWide ,1403
Winjubanin  ,1404
Adwerpommower  ,1405
Empebplentor  ,1406
Superin Direct ,1407
Growerpadan WorldWide ,1408
Emnipinicator International Group,1409
Monjubor  ,1410
Rewerentor WorldWide Inc,1411
Parmunamazz International ,1412
Barsipor  ,1413
Upsapor  ,1414
Emzapegan  ,1415
Parbanor International Inc,1416
Thrucadistor WorldWide ,1417
Truhupilazz WorldWide ,1418
Qwidudadicator WorldWide Group,1419
Lomtanor International Inc,1420
Groquestower International ,1421
Rapsipilax  ,1422
Varpebilentor  ,1423
Rewerpover Holdings ,1424
Tipsipex  ,1425
Adrobexar  ,1426
Surquestistor International ,1427
Bartanor International Corp.,1428
Barbanefar International ,1429
Lommunin  ,1430
Tuperexar  ,1431
Tiphupan  Group,1432
Tipdudower  ,1433
Thruwerpazz Holdings ,1434
Thruglibex International ,1435
Barkilanower Holdings ,1436
Wintinower  ,1437
Winvenistor  Inc,1438
Varquestupin International Inc,1439
Tuphupan WorldWide Company,1440
Vargliban International Inc,1441
Inkilanazz  ,1442
Klitaninax Holdings ,1443
Surtumedgar  ,1444
Endquestantor Holdings ,1445
Ciptanewax WorldWide Corp.,1446
Tupquestin  Inc,1447
Thrutanan  ,1448
Thrueran  ,1449
Monbanommover International Corp.,1450
Qwitumexentor WorldWide ,1451
Winfropicator WorldWide Inc,1452
Monwerazz  Corp.,1453
Dopkilazz Direct ,1454
Intumopazz  Corp.,1455
Rapjubonor Direct ,1456
Unsipanazz Direct ,1457
Dopdudentor  Group,1458
Barquestor  ,1459
Unhupazz WorldWide Corp.,1460
Adglibanazz  Corp.,1461
Tuperex  ,1462
Lomwerpedan Holdings ,1463
Moneronover  Company,1464
Frovenepin International Group,1465
Unmunazz  ,1466
Partinower Holdings ,1467
Adhupar  ,1468
Trufropepover International ,1469
Hapsipopicator Direct ,1470
Zeetanicator International Company,1471
Emtinadax WorldWide Company,1472
Cipwerpover Direct Corp.,1473
Tipglibupistor  ,1474
Tipcadefex  ,1475
Tippickepentor  ,1476
Trusapover International Group,1477
Endcadewazz  ,1478
Tupbanopover International ,1479
Endsipex International Inc,1480
Winbanower  ,1481
Suptanommower International ,1482
Tipvenin  ,1483
Lomhupor Direct ,1484
Truquestar  ,1485
Undudopentor  Corp.,1486
Fronipover Direct Inc,1487
Upsapadentor International ,1488
Suphupamicator  Group,1489
Dopwerpantor  ,1490
Surjubegover Holdings Corp.,1491
Addimentor  ,1492
Bardimopor Direct ,1493
Invenan WorldWide ,1494
Cipmunex  ,1495
Upsipplover International ,1496
Rapnipin  Group,1497
Montanicator WorldWide ,1498
Insipedgax Direct ,1499
Qwimunaquin WorldWide ,1500
Wintanegan WorldWide Group,1501
Endglibar  Company,1502
Frodimegentor Direct Company,1503
Varericator Holdings ,1504
Winzapistor Holdings ,1505
Supbanepax  Inc,1506
Tupmunar Direct ,1507
Zeemunover  Corp.,1508
Zeerobistor  ,1509
Trukilex International Inc,1510
Cippebentor  Corp.,1511
Klihupazz Direct Company,1512
Cipbanexan Holdings ,1513
Unsipentor Direct ,1514
Endrobupar  ,1515
Wintumicator WorldWide ,1516
Truzapicentor Holdings Inc,1517
Thrumunexin International ,1518
Survenan Holdings ,1519
Superantor WorldWide ,1520
Grotanentor WorldWide ,1521
Tupvenower Direct ,1522
Varbanilover International ,1523
Surquestentor WorldWide ,1524
Rapkilopazz Direct Company,1525
Addimonin  ,1526
Ciptinopistor Direct Corp.,1527
Barquestar  Group,1528
Qwidimewax WorldWide Corp.,1529
Adquesticator WorldWide ,1530
Qwisapantor WorldWide ,1531
Varpickax  ,1532
Varerantor WorldWide ,1533
Unkilistor International ,1534
Grokilover  Company,1535
Winvenommentor Holdings ,1536
Supmunanover  ,1537
Ciprobaman WorldWide Group,1538
Emmunamicator Direct ,1539
Winglibadantor  ,1540
Adfropilover  ,1541
Suppebistor Direct ,1542
Dopcadax Direct Company,1543
Tipquestistor Holdings Corp.,1544
Frofroponar  ,1545
Haprobin International Inc,1546
Kliweristor Holdings ,1547
Parpickupex WorldWide Group,1548
Parwerpantor WorldWide Corp.,1549
Klibanegover  Company,1550
Haptinopin  ,1551
Monpeban Direct Group,1552
Qwiquestantor International Company,1553
Gropickazz  Corp.,1554
Endkilupistor Direct Inc,1555
Frobaninor  ,1556
Suppickax International Group,1557
Tipweristor International Company,1558
Parrobefor WorldWide ,1559
Trududonazz International Corp.,1560
Redudover  ,1561
Trunipistor Direct ,1562
Aderover Holdings ,1563
Hapzapex  ,1564
Klijubefistor Direct Company,1565
Doppickower International ,1566
Adsapollor  Company,1567
Trutumopex WorldWide ,1568
Lomdimimin  ,1569
Qwipebommor Direct Group,1570
Doptinan  Corp.,1571
Upwerefax International ,1572
Barsapilower WorldWide ,1573
Qwisapentor WorldWide ,1574
Varwerpedgar  Corp.,1575
Rapjubackantor International Group,1576
Monglibanantor International Inc,1577
Barbanan Holdings ,1578
Tuprobicator International ,1579
Inbanedan International Corp.,1580
Zeedudax Direct ,1581
Qwirobazz International Corp.,1582
Tiptinantor International Company,1583
Upquestadover Holdings ,1584
Suprobex Direct ,1585
Happickefex International ,1586
Lomsipicator International Group,1587
Rapdudex  Inc,1588
Barglibover International ,1589
Inquestamazz Holdings Company,1590
Hapglibower  ,1591
Doptinower International ,1592
Suppeban  ,1593
Winjubanan Holdings ,1594
Qwinipan WorldWide Company,1595
Lombanicicator WorldWide ,1596
Endrobinistor  ,1597
Lomjubistor International ,1598
Doptinedantor WorldWide Company,1599
Unquestepower Direct Company,1600
Lomsapaman WorldWide ,1601
Inglibar Holdings ,1602
Tipglibover Holdings Company,1603
Raptinadantor  Corp.,1604
Cipzapazz Direct ,1605
Endquesticator International ,1606
Retanaquentor WorldWide ,1607
Sursapepor Holdings Inc,1608
Gromunin Holdings Corp.,1609
Empebanicator WorldWide Company,1610
Uperedgantor  Group,1611
Lomjubepax WorldWide Inc,1612
Qwitumollor  ,1613
Unsapor International ,1614
Endjubover Direct ,1615
Varsipazz International ,1616
Klisipar Holdings ,1617
Parmunplax  Inc,1618
Varquestazz  ,1619
Inquestax WorldWide Corp.,1620
Admunex WorldWide ,1621
Injubazz  ,1622
Trutanopar  ,1623
Endmunax WorldWide Corp.,1624
Inglibover Holdings ,1625
Winkilackax  ,1626
Cipdimor  ,1627
Supdimicator WorldWide ,1628
Thrucadantor International Group,1629
Winmunommantor Direct ,1630
Qwiquestepor Direct ,1631
Montumopex International ,1632
Thrudimower WorldWide Corp.,1633
Groeristor International ,1634
Trutumedicator Holdings ,1635
Dopmunar Holdings Inc,1636
Surpebefar  ,1637
Hapsipexantor  ,1638
Rehupopover Direct ,1639
Rapdudaquazz  ,1640
Trupebefan Holdings ,1641
Emvenower International ,1642
Emkilistor International ,1643
Monnipedistor  Group,1644
Inpebin International Company,1645
Tiptanex  ,1646
Emhupantor Direct ,1647
Trukilanistor Direct Corp.,1648
Zeesipantor Direct Corp.,1649
Varcadower International ,1650
Sursipentor Direct ,1651
Qwipickazz  ,1652
Retinicator Direct Corp.,1653
Varfropover  Corp.,1654
Klitanar  Group,1655
Surdudupin Direct ,1656
Aderplax WorldWide ,1657
Qwitanan  Corp.,1658
Hapglibaquower WorldWide ,1659
Upfropinicator WorldWide ,1660
Grosapentor Direct ,1661
Monpebax Direct ,1662
Hapnipexantor Holdings ,1663
Lomglibilex Holdings ,1664
Surbanommazz  ,1665
Upniponistor  ,1666
Endsipentor International ,1667
Varpickonar Direct Inc,1668
Hapbanexex  Corp.,1669
Unpebonax Direct ,1670
Renipackicator  ,1671
Endsapicator WorldWide Corp.,1672
Frotinonax  ,1673
Grocadicower Holdings Group,1674
Adzapupazz  Inc,1675
Revenex International Group,1676
Monpebex  Group,1677
Upjubor Holdings ,1678
Upfropex  ,1679
Klinipefantor Direct Corp.,1680
Surcadex Holdings ,1681
Tipkilistor International Inc,1682
Endtanor  ,1683
Supwerommover Holdings Corp.,1684
Dopsapax  ,1685
Uptumedgax Direct Inc,1686
Endroban  ,1687
Addimax WorldWide ,1688
Rejubedgantor  Company,1689
Thrurobefar  ,1690
Varvenaquax  ,1691
Tipsipentor  Corp.,1692
Empebax  Corp.,1693
Vardudor  Company,1694
Unjubantor Direct ,1695
Supquestinover  ,1696
Adjubommor Direct ,1697
Tiphupax  ,1698
Cipcadaquor Direct Group,1699
Winsipefentor Direct Group,1700
Tupnipackex  ,1701
Rapzapower WorldWide Inc,1702
Lomwerimazz Holdings Inc,1703
Thrutanefex WorldWide Group,1704
Monnipazz Direct ,1705
Embanedgazz International Inc,1706
Rezapax Direct Group,1707
Zeefropentor Holdings Group,1708
Montanentor International ,1709
Ciptanefar  ,1710
Thrubanonover WorldWide Group,1711
Winglibover WorldWide Company,1712
Supcador  Company,1713
Qwikililover WorldWide ,1714
Trukilentor  Company,1715
Upjubanover  ,1716
Insipexicator  Corp.,1717
Advenplin WorldWide Corp.,1718
Varnipower International ,1719
Happickover  ,1720
Varbanor WorldWide ,1721
Varglibanentor International ,1722
Grobanilan Holdings Company,1723
Adglibazz Holdings ,1724
Trutinax  Inc,1725
Tipvenegax  ,1726
Trudimex  ,1727
Cipquestantor  ,1728
Wintumollover  ,1729
Parglibedower  Company,1730
Lomtumicicator  ,1731
Adhupackover  ,1732
Thrusipover Holdings ,1733
Lomerantor  ,1734
Emweraquover Holdings ,1735
Monrobedgantor  ,1736
Barerollazz  ,1737
Groquestollazz Direct ,1738
Rapzapefantor Holdings Company,1739
Trudimupover International ,1740
Hapjubedgentor WorldWide Group,1741
Rapweror  ,1742
Monbanax WorldWide Group,1743
Qwirobommax International ,1744
Varzapadex  Group,1745
Uperar  Corp.,1746
Kliwerpaquower International ,1747
Upkilistor Direct Group,1748
Zeehupaquar Holdings ,1749
Monpickepantor Direct Corp.,1750
Hapquestedgazz Holdings ,1751
Resapanex WorldWide Group,1752
Qwidudegentor WorldWide Company,1753
Surtinor International ,1754
Barkilexazz WorldWide ,1755
Tuppickover International ,1756
Supquestadower Holdings ,1757
Suptinedin WorldWide ,1758
Wintinupex  ,1759
Montanexex  ,1760
Parsapedgazz Holdings ,1761
Thruquestedor International ,1762
Resapadantor  Corp.,1763
Barrobin  Group,1764
Qwidudefor International ,1765
Endnipimex Holdings ,1766
Montinedgower  ,1767
Barrobover  ,1768
Klipickedower Direct ,1769
Frosipegover Holdings ,1770
Zeebanazz International Company,1771
Parjubar  ,1772
Adpickamistor WorldWide Inc,1773
Undimin  Corp.,1774
Dopdudexex  ,1775
Emtanower Holdings Company,1776
Supkilplar WorldWide Inc,1777
Trusipaquex International ,1778
Moncadaquistor Direct ,1779
Parglibollover Holdings Group,1780
Frojubower International ,1781
Surtuman Holdings ,1782
Gronipower International Inc,1783
Qwijubicator  Inc,1784
Klidimexentor  Inc,1785
Adtinanax Direct ,1786
Montumar International ,1787
Adhupistor  Company,1788
Monwerpupax  ,1789
Thrucadax  Inc,1790
Untinexower Direct ,1791
Lomtinar WorldWide Company,1792
Tiperazz Holdings ,1793
Zeejubilan WorldWide ,1794
Qwirobefan  ,1795
Endsapedgin  ,1796
Endnipar Direct ,1797
Wintanexentor International ,1798
Monkilefar Holdings Corp.,1799
Adweran  Inc,1800
Emsipicator Direct Corp.,1801
Trutanexantor Holdings Inc,1802
Haphupex Holdings Corp.,1803
Lomzapollar  ,1804
Hapcadentor  ,1805
Trufropplantor International Group,1806
Bartumower WorldWide Company,1807
Uptumower  Company,1808
Monglibin Holdings ,1809
Grojubplover WorldWide ,1810
Trududin Direct ,1811
Barquestaquor  ,1812
Tippickentor Holdings Corp.,1813
Admunistor International Corp.,1814
Tupquestover Direct Corp.,1815
Dopjuban Holdings ,1816
Refropimover  Group,1817
Zeetanupentor WorldWide ,1818
Thruerar  Company,1819
Hapsipar  Corp.,1820
Endwerpicator International Inc,1821
Tupcadollor WorldWide Corp.,1822
Suptanewar  Group,1823
Zeetanex  Inc,1824
Bardimegin  ,1825
Zeeerentor  ,1826
Resipinor WorldWide Company,1827
Suppickedex International ,1828
Klidudackazz WorldWide ,1829
Resipin  Inc,1830
Adnipupin  ,1831
Adglibantor  ,1832
Intinanor  Corp.,1833
Empebistor International ,1834
Lomeradar International ,1835
Doprobanin Direct ,1836
Thrupebefower WorldWide ,1837
Unfropamicator  Company,1838
Surnipopor International ,1839
Frowerex WorldWide Inc,1840
Resipepazz Holdings ,1841
Qwidimadan International ,1842
Surtinewax WorldWide Group,1843
Surpickistor WorldWide ,1844
Fromunegistor Holdings Company,1845
Barerentor  ,1846
Parquesticator WorldWide ,1847
Endrobefentor Direct ,1848
Infropackex  ,1849
Emcadicator  Company,1850
Grocadefazz Direct ,1851
Trutanepower International Inc,1852
Uppebimax International ,1853
Suphupex WorldWide ,1854
Lomtumor Direct ,1855
Tupmunex Holdings ,1856
Winhupan Direct Inc,1857
Upbanommazz Direct ,1858
Trubanan WorldWide ,1859
Trupebplin International Company,1860
Updimover  ,1861
Surtinicin  Inc,1862
Barglibewex WorldWide Inc,1863
Undimar Direct ,1864
Hapnipistor  ,1865
Zeeweramover Direct ,1866
Gromunepicator Direct Company,1867
Qwikilentor  Group,1868
Surwerpommor  ,1869
Rezapaquin Direct ,1870
Thrusaponex  ,1871
Tupsipentor Direct Group,1872
Parrobedax  Company,1873
Emtinicicator International Group,1874
Endjubicator Direct ,1875
Tipmunaman International Corp.,1876
Parerupicator Holdings Group,1877
Haperazz WorldWide Company,1878
Adsipplicator  ,1879
Grocadover WorldWide ,1880
Inwerpefower Holdings ,1881
Klihupexicator International ,1882
Tupmunar Direct ,1883
Adsapover WorldWide ,1884
Monwerpollover  Inc,1885
Innipar International Inc,1886
Qwimunex WorldWide ,1887
Surnipilantor WorldWide ,1888
Upbanicover Direct ,1889
Lombanonax Direct ,1890
Fropickor Holdings ,1891
Endfropepantor WorldWide Company,1892
Lomquestimax  ,1893
Uppebedor International ,1894
Tuppickentor  Group,1895
Lomwerar  ,1896
Qwimunar  ,1897
Lomsapistor  Inc,1898
Grotinar Holdings ,1899
Zeetanower  Corp.,1900
Supbanegistor Holdings Corp.,1901
Varglibilazz  ,1902
Dopdimplex  ,1903
Qwitanegistor  Company,1904
Barvenor  Inc,1905
Haptinamin Holdings ,1906
Lomwerollazz Direct Group,1907
Intinistor Holdings Company,1908
Endjubefazz Direct Group,1909
Unkilin  ,1910
Surpebinantor  ,1911
Klipickentor Holdings ,1912
Uppebedantor  Group,1913
Tipnipover  ,1914
Endmunewor Holdings ,1915
Hapsipex Holdings Inc,1916
Varfropex  ,1917
Parpebex International ,1918
Hapglibar  ,1919
Tipsipefax Holdings Inc,1920
Klibanover Holdings ,1921
Retinicator Direct ,1922
Invenexan Holdings Group,1923
Tipzapegan WorldWide ,1924
Tipsipinazz  ,1925
Winsapan International Company,1926
Zeekilopan Holdings Company,1927
Cipcadan Holdings ,1928
Frokilower Direct Inc,1929
Klipebopazz  Inc,1930
Rejubicover  ,1931
Parnipanax  Inc,1932
Varpebar  ,1933
Tuperan Direct Inc,1934
Suphupepazz International ,1935
Unzapantor  ,1936
Groquestepentor International Group,1937
Qwirobilan WorldWide ,1938
Emnipefan  ,1939
Thrusipplazz WorldWide Group,1940
Windudilower International ,1941
Cipfropentor Holdings Inc,1942
Hapbanicor International ,1943
Adkilazz International ,1944
Tupquestower WorldWide ,1945
Varweramin International ,1946
Cipcadistor WorldWide Company,1947
Trupebplistor International Group,1948
Emcadantor Direct ,1949
Groerommistor International Company,1950
Lomwerar WorldWide Group,1951
Qwimunican Holdings Group,1952
Trutanax WorldWide ,1953
Raprobistor  ,1954
Fromunedover  ,1955
Retumewazz  ,1956
Ciptumommazz  ,1957
Lombanicicator  Inc,1958
Haprobilover International ,1959
Emglibazz  Company,1960
Suppickommover  ,1961
Tupcadistor  Company,1962
Hapdimefex  ,1963
Monjubedgex International Corp.,1964
Addimar  ,1965
Dopweregax  ,1966
Tipsapover International Group,1967
Surhupedar Direct ,1968
Lomrobewantor WorldWide ,1969
Inpickax  Corp.,1970
Varsipedgin Holdings ,1971
Upmunaquax Direct ,1972
Surfropin International ,1973
Empickistor International ,1974
Emdudicator  Inc,1975
Haptumepower WorldWide ,1976
Cipwerexor Holdings ,1977
Varweraquan Holdings ,1978
Monbananower  Group,1979
Rappebanar Direct Inc,1980
Dopnipin Holdings ,1981
Uppebegex  ,1982
Uperaquover International Group,1983
Kliglibilantor Holdings ,1984
Updimepazz WorldWide Group,1985
Monwerpollin Direct Corp.,1986
Hapfropommazz  ,1987
Barkilin  ,1988
Grotinicator International ,1989
Unsapefantor Direct Inc,1990
Barquestinover WorldWide Company,1991
Qwiglibollower WorldWide Group,1992
Froquestor  Inc,1993
Tipquestefan Holdings ,1994
Dopwerpin Holdings Inc,1995
Barmunopin Holdings ,1996
Supwerpover  Inc,1997
Truglibegor Holdings ,1998
Rehupicator Direct Corp.,1999
Winfropex  Company,2000
Tipmunefower WorldWide ,2001
Cipzapar International Group,2002
Undudedgicator Holdings ,2003
Zeepickin Holdings ,2004
Empebollax International Inc,2005
Qwidimefower WorldWide Corp.,2006
Adcadican WorldWide ,2007
Ciptanazz Holdings ,2008
Lomsipinantor Direct ,2009
Suphuponazz WorldWide Inc,2010
Qwivenax  ,2011
Lommunover Direct ,2012
Varbanedgor Holdings ,2013
Lomsapazz Direct Inc,2014
Endsipax WorldWide Corp.,2015
Sursipover International Company,2016
Rerobupex  ,2017
Haperan WorldWide Company,2018
Parjubantor  ,2019
Tipkilar  ,2020
Monquesteficator Direct Inc,2021
Endpebazz  ,2022
Hapmunefin Holdings ,2023
Doptumommower  ,2024
Kliquestupin WorldWide ,2025
Adnipicover Direct ,2026
Monglibaquin  ,2027
Zeetanepazz  ,2028
Supnipar WorldWide ,2029
Zeekilopistor Holdings Corp.,2030
Qwigliban  Company,2031
Kliquestistor WorldWide Corp.,2032
Endfropefower Holdings ,2033
Inglibamax WorldWide Inc,2034
Pardudicower Direct ,2035
Injubentor Direct ,2036
Adwerilan  Corp.,2037
Tupsapamar Direct Inc,2038
Rehupower  Inc,2039
Cippebopor WorldWide ,2040
Dopzapar International ,2041
Frotinower  Company,2042
Unvenopazz WorldWide ,2043
Thrumunazz  ,2044
Upwerpamor WorldWide ,2045
Adtinanover WorldWide Group,2046
Adrobupex International ,2047
Thrupickackazz  Group,2048
Zeedudin  ,2049
Lomnipadax  ,2050
Undudan  ,2051
Winpickar Direct ,2052
Inpickicover  Corp.,2053
Grosapower International ,2054
Hapweristor Direct ,2055
Indimistor WorldWide Inc,2056
Surtinar WorldWide Group,2057
Lomhupanicator  Group,2058
Inpebin  Corp.,2059
Haphupan International ,2060
Klizapicar Direct ,2061
Grobanimazz Direct ,2062
Thrupickommin International ,2063
Varhupadistor WorldWide Group,2064
Surrobedentor Holdings Inc,2065
Rekilex Holdings ,2066
Montumollover Holdings ,2067
Kliglibommin Holdings ,2068
Qwiglibedex  ,2069
Endtanistor International Corp.,2070
Rapwerpower  ,2071
Emwerilantor Holdings ,2072
Unwerewover Holdings Company,2073
Wintinin Direct ,2074
Hapdimex WorldWide Corp.,2075
Raptanistor  ,2076
Emmunazz Direct ,2077
Doptinar  ,2078
Wintanonar Direct ,2079
Parcadexin Direct ,2080
Lomhupazz  Corp.,2081
Raprobimistor Direct ,2082
Varjubefistor International Company,2083
Revenegar Direct ,2084
Grohupommistor  Group,2085
Parwerpaquar WorldWide ,2086
Gropickaquicator WorldWide ,2087
Lomtanedex  Group,2088
Frodimantor WorldWide Group,2089
Monwerover Direct ,2090
Wintanicator  Inc,2091
Endpickegentor International Group,2092
Uphupantor WorldWide ,2093
Dopdudex Holdings Group,2094
Qwikilin Holdings ,2095
Winpebefantor Direct Inc,2096
Truweronicator Holdings Group,2097
Uptinistor  ,2098
Tuperistor  ,2099
Truwerpax WorldWide Inc,2100
Inhupamazz Holdings ,2101
Fronipar International ,2102
Dopfropepar WorldWide ,2103
Enddimaquower WorldWide ,2104
Bardimower  ,2105
Rezapan Holdings ,2106
Upsapilicator  Group,2107
Adkilor Holdings ,2108
Rapmunimin  Group,2109
Frofropazz Holdings Corp.,2110
Unsapexistor  ,2111
Supvenor Holdings Group,2112
Resipazz WorldWide Corp.,2113
Tipdudplantor  ,2114
Surbanazz Direct ,2115
Rebanplax International ,2116
Emweristor Holdings Group,2117
Trudimopistor WorldWide ,2118
Thruzapor International Inc,2119
Cipnipicax Direct Inc,2120
Winbanedgor  ,2121
Inpebupor  ,2122
Endvenower  ,2123
Varbanedgentor  Company,2124
Winerantor  ,2125
Ciperentor International ,2126
Kliwerpax  ,2127
Varwerover Direct ,2128
Varsapax  ,2129
Inquestefar  Inc,2130
Truzapamazz Direct Corp.,2131
Tupcadar Direct ,2132
Lomhupegazz  ,2133
Trurobentor International Corp.,2134
Raprobopantor Holdings Group,2135
Zeekilor WorldWide ,2136
Adtumefentor International ,2137
Tipkilar Holdings ,2138
Empickin WorldWide ,2139
Zeerobinin Holdings Corp.,2140
Doprobin  Group,2141
Klitinower WorldWide Group,2142
Tipwerewar WorldWide ,2143
Wintumover WorldWide Group,2144
Varsapaquover International Group,2145
Parhupicator WorldWide ,2146
Barpickepazz Holdings Inc,2147
Dopjubackentor Direct ,2148
Upnipex Holdings ,2149
Unfropackover Direct Company,2150
Zeeglibadan Direct ,2151
Barbanegex WorldWide Inc,2152
Dophupicator WorldWide Corp.,2153
Lomsipommin International ,2154
Kliquestedar  Corp.,2155
Endsapentor International ,2156
Refropupax WorldWide ,2157
Gromunower WorldWide ,2158
Zeetumollistor  Inc,2159
Indimollentor WorldWide Group,2160
Lomjubamantor Holdings Group,2161
Upwerpollantor Direct ,2162
Surzapar Direct Company,2163
Froglibadistor International ,2164
Rapmunor Holdings Inc,2165
Parrobanazz WorldWide Company,2166
Monpebonar WorldWide ,2167
Lomkilefan Direct ,2168
Sursapistor  Group,2169
Retumonex WorldWide ,2170
Advenax  Inc,2171
Thruvenilentor  Corp.,2172
Rapkilupover International Company,2173
Surtumilax Holdings Group,2174
Unsapommantor Holdings ,2175
Fropickentor Holdings ,2176
Supwerefex Holdings Corp.,2177
Untuminower Direct ,2178
Unwerover  ,2179
Tuptinar  Company,2180
Tiptumar Holdings Group,2181
Dopbanan International ,2182
Montanistor  ,2183
Raprobar Holdings Corp.,2184
Supdudedex Holdings Group,2185
Varweregar  Group,2186
Truzapilower International Corp.,2187
Requestefentor International ,2188
Frocadefor Direct ,2189
Bardudaquistor  ,2190
Varmunackin Direct ,2191
Gropebackan  ,2192
Barrobicicator WorldWide ,2193
Tupvenplistor Direct Corp.,2194
Monpickefor WorldWide ,2195
Froquestazz International ,2196
Rapjubicator  ,2197
Bareranantor Holdings ,2198
Doptanewor Holdings ,2199
Empickicator  ,2200
Parglibonin  Group,2201
Grorobax WorldWide ,2202
Grotumax WorldWide ,2203
Vardudaquantor International Inc,2204
Vardimazz  ,2205
Hapvenexan WorldWide ,2206
Monpebegan  Inc,2207
Grozapicar  Corp.,2208
Supdudefover  ,2209
Haperover WorldWide ,2210
Truquestower  ,2211
Untanax Holdings ,2212
Emcadewor Direct Group,2213
Parzapicator Direct ,2214
Tipkilex Direct ,2215
Supnipar  Group,2216
Zeerobin Holdings ,2217
Groglibex International Group,2218
Varzapax WorldWide Company,2219
Emglibover  ,2220
Ciptanilan WorldWide ,2221
Endvenommin WorldWide Company,2222
Qwizapistor  Inc,2223
Rapdudanin International ,2224
Thrudimonax WorldWide ,2225
Barsapin Direct Inc,2226
Resipommover  Corp.,2227
Bardimimistor Holdings ,2228
Thrukilamentor Direct ,2229
Rapmunedex  ,2230
Endkilonax WorldWide ,2231
Hapdimackan Holdings Group,2232
Emsipimin  ,2233
Zeeroban Direct ,2234
Tuptumanor  Inc,2235
Barvenican Direct Company,2236
Truzapistor Holdings ,2237
Growerefan WorldWide ,2238
Happickaquazz Direct ,2239
Barwerpefower International ,2240
Trusapan International ,2241
Rejubicin WorldWide ,2242
Klibanplantor Holdings ,2243
Emmunaquax Direct ,2244
Zeepickexistor International ,2245
Monfropentor  ,2246
Truvenegar WorldWide ,2247
Rebanilin Holdings Group,2248
Zeedimentor WorldWide ,2249
Addimover WorldWide ,2250
Raperex International ,2251
Monerefentor Direct ,2252
Tuptumower International ,2253
Vardudimistor WorldWide ,2254
Varsapax Holdings ,2255
Lomwerinower  Corp.,2256
Emerax WorldWide Corp.,2257
Cipnipackor  ,2258
Varkilar WorldWide Corp.,2259
Dopzapantor  Group,2260
Supglibin WorldWide ,2261
Parbanepex Holdings ,2262
Tupvenistor Direct Corp.,2263
Thrufropplex  Group,2264
Adsapazz Holdings ,2265
Upquesteficator  ,2266
Tiptanaquistor  ,2267
Vartinax  ,2268
Trududan Direct ,2269
Barrobantor  ,2270
Unglibentor WorldWide ,2271
Trukilor Direct ,2272
Emcadicator  ,2273
Supkilin Direct Inc,2274
Unvenefan International Inc,2275
Rapsipor International ,2276
Trusapicator WorldWide Inc,2277
Varsipicator Direct Inc,2278
Adzapin Holdings Group,2279
Varglibegar Holdings Company,2280
Truwerin Direct ,2281
Kliquestantor International ,2282
Adjuban WorldWide ,2283
Barjubepower  ,2284
Rapjubefar Holdings ,2285
Emvenepantor  Company,2286
Klipickedar WorldWide ,2287
Wincadefistor  ,2288
Upjubor  ,2289
Parwerpin Holdings ,2290
Grodudex WorldWide ,2291
Surglibex Holdings ,2292
Qwitumentor Holdings Corp.,2293
Parjubamower International Group,2294
Parpickefex  ,2295
Cipsipar  Company,2296
Advenefax  Group,2297
Unzapinin Holdings Inc,2298
Ciphupegax Holdings ,2299
Retanplantor Direct Corp.,2300
Endsapar  ,2301
Lomdudentor  Group,2302
Monerazz Direct ,2303
Wintumaquazz Direct ,2304
Hapbanover Direct ,2305
Surnipicover International Company,2306
Emdimax  ,2307
Barzapor  ,2308
Monmunistor  Inc,2309
Ciperax International Corp.,2310
Thruquestor International ,2311
Lomdudicover Holdings Company,2312
Frorobewazz WorldWide ,2313
Zeequestover Direct ,2314
Uptumar  ,2315
Zeewerover International Corp.,2316
Endtinower  ,2317
Cippebomman Holdings ,2318
Endwerpover Holdings Corp.,2319
Upcadepazz Direct ,2320
Klifropar  ,2321
Qwisapepor International ,2322
Varrobentor Holdings Company,2323
Cipdimor Direct ,2324
Doptinower International ,2325
Adhupupantor International Corp.,2326
Lomsipedax  Company,2327
Tupquestex Direct ,2328
Supjubommantor Direct Company,2329
Unquestor Holdings Corp.,2330
Klibanin Holdings ,2331
Upsapimex International Group,2332
Lomjubin  ,2333
Unmunplazz WorldWide ,2334
Winjubommar International Company,2335
Supdimazz International ,2336
Barfropaquor  Group,2337
Grodimewex  Company,2338
Thrucadommar  ,2339
Grobanilentor  Group,2340
Tiprobentor International ,2341
Parsipax Direct ,2342
Barkilommentor Holdings Inc,2343
Qwidudollar  Group,2344
Qwisipamin  ,2345
Sursipamin Holdings ,2346
Rapdiminower WorldWide Company,2347
Endtumex WorldWide ,2348
Varhupower International ,2349
Montinicator International ,2350
Hapdudopar  Company,2351
Trurobepin Direct Company,2352
Partanplentor Holdings ,2353
Thrutuman Holdings ,2354
Ineror Direct Group,2355
Emmunazz Direct ,2356
Tipwerimar Holdings ,2357
Cipzapefin  ,2358
Grovenex Holdings ,2359
Lomkilower WorldWide Inc,2360
Tipdimentor  ,2361
Vartumentor  Group,2362
Qwipebplantor Direct ,2363
Tupsapazz  Corp.,2364
Montumegan Direct ,2365
Doptuman Direct Group,2366
Winkilommex WorldWide ,2367
Winvenistor Holdings Group,2368
Pardimexazz  Inc,2369
Repebar  ,2370
Tupkilonover  ,2371
Emzapower Direct Company,2372
Cipsapistor Direct Inc,2373
Thrutinefan Direct ,2374
Tupquestentor WorldWide ,2375
Adjuban  Company,2376
Adkilar Direct Corp.,2377
Resapin Direct Group,2378
Partumefower WorldWide Company,2379
Undudor Holdings Company,2380
Monwerpommistor International ,2381
Supsipax International Company,2382
Upwerpazz WorldWide Corp.,2383
Supwerollantor Holdings ,2384
Varrobower Direct ,2385
Qwipebedistor International ,2386
Grorobex  ,2387
Monsapplicator WorldWide ,2388
Haptumax  ,2389
Parwerpentor WorldWide Company,2390
Pardudower  ,2391
Ciperazz Direct ,2392
Inhupex Direct ,2393
Rapsipupan Holdings Group,2394
Varzapan Direct ,2395
Lomjubedin Direct Inc,2396
Tiptumaquazz  Group,2397
Suptinicator  Inc,2398
Unpickax International Corp.,2399
Winquestistor Direct ,2400
Tupdimower Direct ,2401
Thruvenopantor  Group,2402
Cipvenedex WorldWide Corp.,2403
Thrufropamin Direct Corp.,2404
Ciptanover Direct ,2405
Tipquestin  Company,2406
Supcadanover  ,2407
Rezapazz  ,2408
Trupebar Direct ,2409
Fropickepicator  ,2410
Wintumicicator  ,2411
Upbanor WorldWide Company,2412
Barcadewower International ,2413
Kliglibax International ,2414
Superefentor WorldWide ,2415
Thrumunadazz  ,2416
Lomdudentor Direct ,2417
Inquestazz  Company,2418
Rekilar WorldWide Inc,2419
Rapglibanower  ,2420
Lomquestefar Holdings ,2421
Froquestazz International ,2422
Lombanistor  Company,2423
Surdudedan  ,2424
Grofropinower Holdings ,2425
Truvenepistor Direct Group,2426
Upweristor WorldWide Company,2427